X-axis,Y-axis,Noise,Type,Y-value,X-value,tid
1680.0,1685.6,0.0, 'dark_water',A,1,A1
1575.0,1685.6,0.0, 'dark_water',A,3,A3
1470.0,1685.6,0.0, 'dark_water',A,5,A5
1365.0,1685.6,0.0, 'dark_water',A,7,A7
1260.0,1685.6,0.0, 'dark_water',A,9,A9
1155.0,1685.6,0.0, 'dark_water',A,11,A11
1050.0,1685.6,0.0, 'dark_water',A,13,A13
945.0,1685.6,0.0, 'dark_water',A,15,A15
840.0,1685.6,0.0, 'dark_water',A,17,A17
735.0,1685.6,0.0, 'dark_water',A,19,A19
630.0,1685.6,0.0, 'dark_water',A,21,A21
525.0,1685.6,0.0, 'dark_water',A,23,A23
420.0,1685.6,0.0, 'dark_water',A,25,A25
315.0,1685.6,0.0, 'dark_water',A,27,A27
210.0,1685.6,0.0, 'dark_water',A,29,A29
105.0,1685.6,0.0, 'dark_water',A,31,A31
0.0,1685.6,0.0, 'dark_water',A,33,A33
1627.5,1655.5,0.0, 'dark_water',B,2,B2
1522.5,1655.5,0.0, 'dark_water',B,4,B4
1417.5,1655.5,0.0, 'dark_water',B,6,B6
1312.5,1655.5,0.0, 'dark_water',B,8,B8
1207.5,1655.5,0.0, 'dark_water',B,10,B10
1102.5,1655.5,0.0, 'dark_water',B,12,B12
997.5,1655.5,0.0, 'dark_water',B,14,B14
892.5,1655.5,0.0, 'dark_water',B,16,B16
787.5,1655.5,0.24036169052124, 'dark_water',B,18,B18
682.5,1655.5,0.0, 'dark_water',B,20,B20
577.5,1655.5,0.0, 'dark_water',B,22,B22
472.5,1655.5,0.0, 'dark_water',B,24,B24
367.5,1655.5,0.0, 'dark_water',B,26,B26
262.5,1655.5,0.0, 'dark_water',B,28,B28
157.5,1655.5,0.0, 'dark_water',B,30,B30
52.5,1655.5,0.0, 'dark_water',B,32,B32
1680.0,1625.4,0.0, 'dark_water',C,1,C1
1575.0,1625.4,0.0, 'dark_water',C,3,C3
1470.0,1625.4,0.0, 'dark_water',C,5,C5
1365.0,1625.4,0.0, 'dark_water',C,7,C7
1260.0,1625.4,0.0, 'dark_water',C,9,C9
1155.0,1625.4,0.0, 'dark_water',C,11,C11
1050.0,1625.4,0.0, 'dark_water',C,13,C13
945.0,1625.4,0.0, 'dark_water',C,15,C15
840.0,1625.4,0.0, 'dark_water',C,17,C17
735.0,1625.4,0.0, 'dark_water',C,19,C19
630.0,1625.4,0.0, 'dark_water',C,21,C21
525.0,1625.4,0.0, 'dark_water',C,23,C23
420.0,1625.4,0.0, 'dark_water',C,25,C25
315.0,1625.4,0.0, 'dark_water',C,27,C27
210.0,1625.4,0.0, 'dark_water',C,29,C29
105.0,1625.4,0.0, 'dark_water',C,31,C31
0.0,1625.4,0.0, 'dark_water',C,33,C33
1627.5,1595.3,0.0, 'dark_water',D,2,D2
1522.5,1595.3,0.0, 'dark_water',D,4,D4
1417.5,1595.3,0.0, 'dark_water',D,6,D6
1312.5,1595.3,0.0, 'dark_water',D,8,D8
1207.5,1595.3,0.0, 'dark_water',D,10,D10
1102.5,1595.3,0.0, 'dark_water',D,12,D12
997.5,1595.3,5.0896167755127, 'dark_water',D,14,D14
892.5,1595.3,0.0, 'dark_water',D,16,D16
787.5,1595.3,11.9538116455078, 'water',D,18,D18
682.5,1595.3,16.0832190513611, 'water',D,20,D20
577.5,1595.3,1.4877462387085, 'dark_water',D,22,D22
472.5,1595.3,0.0, 'dark_water',D,24,D24
367.5,1595.3,0.0, 'dark_water',D,26,D26
262.5,1595.3,0.0, 'dark_water',D,28,D28
157.5,1595.3,0.0, 'dark_water',D,30,D30
52.5,1595.3,0.0, 'dark_water',D,32,D32
1680.0,1565.2,0.0, 'dark_water',E,1,E1
1575.0,1565.2,0.0, 'dark_water',E,3,E3
1470.0,1565.2,0.0, 'dark_water',E,5,E5
1365.0,1565.2,0.0, 'dark_water',E,7,E7
1260.0,1565.2,0.0, 'dark_water',E,9,E9
1155.0,1565.2,0.0, 'dark_water',E,11,E11
1050.0,1565.2,0.0, 'dark_water',E,13,E13
945.0,1565.2,3.86463403701782, 'dark_water',E,15,E15
840.0,1565.2,11.900829076767, 'water',E,17,E17
735.0,1565.2,12.1893990039825, 'water',E,19,E19
630.0,1565.2,0.0, 'dark_water',E,21,E21
525.0,1565.2,4.83690977096558, 'dark_water',E,23,E23
420.0,1565.2,0.0, 'dark_water',E,25,E25
315.0,1565.2,0.0, 'dark_water',E,27,E27
210.0,1565.2,0.0, 'dark_water',E,29,E29
105.0,1565.2,0.0, 'dark_water',E,31,E31
0.0,1565.2,0.0, 'dark_water',E,33,E33
1627.5,1535.1,0.0, 'dark_water',F,2,F2
1522.5,1535.1,0.0, 'dark_water',F,4,F4
1417.5,1535.1,0.0, 'dark_water',F,6,F6
1312.5,1535.1,0.0, 'dark_water',F,8,F8
1207.5,1535.1,0.0, 'dark_water',F,10,F10
1102.5,1535.1,0.0, 'dark_water',F,12,F12
997.5,1535.1,41.6962337493897, 'dark_grass',F,14,F14
892.5,1535.1,0.0, 'dark_water',F,16,F16
787.5,1535.1,0.0, 'dark_water',F,18,F18
682.5,1535.1,1.95427894592285, 'dark_water',F,20,F20
577.5,1535.1,0.0, 'dark_water',F,22,F22
472.5,1535.1,0.0, 'dark_water',F,24,F24
367.5,1535.1,0.0, 'dark_water',F,26,F26
262.5,1535.1,0.0, 'dark_water',F,28,F28
157.5,1535.1,0.0, 'dark_water',F,30,F30
52.5,1535.1,0.0, 'dark_water',F,32,F32
1680.0,1505.0,0.0, 'dark_water',G,1,G1
1575.0,1505.0,0.0, 'dark_water',G,3,G3
1470.0,1505.0,0.0, 'dark_water',G,5,G5
1365.0,1505.0,0.0, 'dark_water',G,7,G7
1260.0,1505.0,0.0, 'dark_water',G,9,G9
1155.0,1505.0,0.0, 'dark_water',G,11,G11
1050.0,1505.0,33.0972719192505, 'grass',G,13,G13
945.0,1505.0,24.698531627655, 'sand',G,15,G15
840.0,1505.0,5.79483032226563, 'dark_water',G,17,G17
735.0,1505.0,0.855059623718262, 'dark_water',G,19,G19
630.0,1505.0,0.0, 'dark_water',G,21,G21
525.0,1505.0,7.81057834625244, 'dark_water',G,23,G23
420.0,1505.0,9.07861232757568, 'dark_water',G,25,G25
315.0,1505.0,0.0, 'dark_water',G,27,G27
210.0,1505.0,0.0, 'dark_water',G,29,G29
105.0,1505.0,0.0, 'dark_water',G,31,G31
0.0,1505.0,0.0, 'dark_water',G,33,G33
1627.5,1474.9,0.0, 'dark_water',H,2,H2
1522.5,1474.9,0.0, 'dark_water',H,4,H4
1417.5,1474.9,0.0, 'dark_water',H,6,H6
1312.5,1474.9,0.0, 'dark_water',H,8,H8
1207.5,1474.9,0.0, 'dark_water',H,10,H10
1102.5,1474.9,0.0, 'dark_water',H,12,H12
997.5,1474.9,43.3963108062744, 'dark_grass',H,14,H14
892.5,1474.9,8.39325785636902, 'dark_water',H,16,H16
787.5,1474.9,14.9838888645172, 'water',H,18,H18
682.5,1474.9,12.1227872371674, 'water',H,20,H20
577.5,1474.9,0.0, 'dark_water',H,22,H22
472.5,1474.9,7.7134895324707, 'dark_water',H,24,H24
367.5,1474.9,1.75517320632935, 'dark_water',H,26,H26
262.5,1474.9,0.0, 'dark_water',H,28,H28
157.5,1474.9,0.0, 'dark_water',H,30,H30
52.5,1474.9,0.0, 'dark_water',H,32,H32
1680.0,1444.8,0.0, 'dark_water',I,1,I1
1575.0,1444.8,0.0, 'dark_water',I,3,I3
1470.0,1444.8,0.0, 'dark_water',I,5,I5
1365.0,1444.8,0.0, 'dark_water',I,7,I7
1260.0,1444.8,0.401991605758667, 'dark_water',I,9,I9
1155.0,1444.8,3.35965633392334, 'dark_water',I,11,I11
1050.0,1444.8,4.97968196868897, 'dark_water',I,13,I13
945.0,1444.8,24.1261661052704, 'sand',I,15,I15
840.0,1444.8,20.1068955659866, 'sand',I,17,I17
735.0,1444.8,10.8712935447693, 'water',I,19,I19
630.0,1444.8,13.812882900238, 'water',I,21,I21
525.0,1444.8,9.84346389770508, 'dark_water',I,23,I23
420.0,1444.8,12.179639339447, 'water',I,25,I25
315.0,1444.8,0.0, 'dark_water',I,27,I27
210.0,1444.8,0.0, 'dark_water',I,29,I29
105.0,1444.8,0.0, 'dark_water',I,31,I31
0.0,1444.8,0.0, 'dark_water',I,33,I33
1627.5,1414.7,0.0, 'dark_water',J,2,J2
1522.5,1414.7,0.0, 'dark_water',J,4,J4
1417.5,1414.7,0.0, 'dark_water',J,6,J6
1312.5,1414.7,0.0, 'dark_water',J,8,J8
1207.5,1414.7,12.2842562198639, 'water',J,10,J10
1102.5,1414.7,0.0, 'dark_water',J,12,J12
997.5,1414.7,26.257027387619, 'grass',J,14,J14
892.5,1414.7,13.6390864849091, 'water',J,16,J16
787.5,1414.7,50.6996387243271, 'dark_grass',J,18,J18
682.5,1414.7,4.65049803256989, 'dark_water',J,20,J20
577.5,1414.7,10.3579366207123, 'water',J,22,J22
472.5,1414.7,19.7923314571381, 'water',J,24,J24
367.5,1414.7,25.544764995575, 'grass',J,26,J26
262.5,1414.7,0.0, 'dark_water',J,28,J28
157.5,1414.7,0.0, 'dark_water',J,30,J30
52.5,1414.7,0.0, 'dark_water',J,32,J32
1680.0,1384.6,0.0, 'dark_water',K,1,K1
1575.0,1384.6,0.0, 'dark_water',K,3,K3
1470.0,1384.6,0.0, 'dark_water',K,5,K5
1365.0,1384.6,0.0, 'dark_water',K,7,K7
1260.0,1384.6,19.3716359138489, 'water',K,9,K9
1155.0,1384.6,27.2515654563904, 'grass',K,11,K11
1050.0,1384.6,21.4167147874832, 'sand',K,13,K13
945.0,1384.6,27.493132352829, 'grass',K,15,K15
840.0,1384.6,37.4784743785858, 'grass',K,17,K17
735.0,1384.6,22.6967096328735, 'sand',K,19,K19
630.0,1384.6,9.70094740390778, 'dark_water',K,21,K21
525.0,1384.6,14.8090875148773, 'water',K,23,K23
420.0,1384.6,30.9127700328827, 'grass',K,25,K25
315.0,1384.6,20.8098077774048, 'sand',K,27,K27
210.0,1384.6,0.0, 'dark_water',K,29,K29
105.0,1384.6,0.0, 'dark_water',K,31,K31
0.0,1384.6,0.0, 'dark_water',K,33,K33
1627.5,1354.5,0.0, 'dark_water',L,2,L2
1522.5,1354.5,0.0, 'dark_water',L,4,L4
1417.5,1354.5,0.0, 'dark_water',L,6,L6
1312.5,1354.5,12.1334981918335, 'water',L,8,L8
1207.5,1354.5,40.1233220100403, 'dark_grass',L,10,L10
1102.5,1354.5,32.2704058885574, 'grass',L,12,L12
997.5,1354.5,51.4891594648361, 'dark_grass',L,14,L14
892.5,1354.5,39.5998388528824, 'grass',L,16,L16
787.5,1354.5,59.5705622434616, 'dark_grass',L,18,L18
682.5,1354.5,20.6487214565277, 'sand',L,20,L20
577.5,1354.5,30.4815745353699, 'grass',L,22,L22
472.5,1354.5,18.1121671199799, 'water',L,24,L24
367.5,1354.5,6.2682831287384, 'dark_water',L,26,L26
262.5,1354.5,0.0, 'dark_water',L,28,L28
157.5,1354.5,0.0, 'dark_water',L,30,L30
52.5,1354.5,0.0, 'dark_water',L,32,L32
1680.0,1324.4,0.0, 'dark_water',M,1,M1
1575.0,1324.4,0.0, 'dark_water',M,3,M3
1470.0,1324.4,0.0, 'dark_water',M,5,M5
1365.0,1324.4,14.8167908191681, 'water',M,7,M7
1260.0,1324.4,39.957994222641, 'grass',M,9,M9
1155.0,1324.4,51.9255602359772, 'dark_grass',M,11,M11
1050.0,1324.4,63.6958515644074, 'rocky',M,13,M13
945.0,1324.4,68.1115490198135, 'rocky',M,15,M15
840.0,1324.4,70.1725468039513, 'snowy',M,17,M17
735.0,1324.4,32.422336935997, 'grass',M,19,M19
630.0,1324.4,45.5356711149216, 'dark_grass',M,21,M21
525.0,1324.4,15.182558298111, 'water',M,23,M23
420.0,1324.4,26.1567807197571, 'grass',M,25,M25
315.0,1324.4,20.3821170330048, 'sand',M,27,M27
210.0,1324.4,0.0, 'dark_water',M,29,M29
105.0,1324.4,0.0, 'dark_water',M,31,M31
0.0,1324.4,0.0, 'dark_water',M,33,M33
1627.5,1294.3,0.0, 'dark_water',N,2,N2
1522.5,1294.3,9.36746120452881, 'dark_water',N,4,N4
1417.5,1294.3,15.6554675102234, 'water',N,6,N6
1312.5,1294.3,15.30522108078, 'water',N,8,N8
1207.5,1294.3,37.0331954956055, 'grass',N,10,N10
1102.5,1294.3,51.181223988533, 'dark_grass',N,12,N12
997.5,1294.3,49.3734911084175, 'dark_grass',N,14,N14
892.5,1294.3,57.6711755990982, 'dark_grass',N,16,N16
787.5,1294.3,55.4401829838753, 'dark_grass',N,18,N18
682.5,1294.3,15.7072564959526, 'water',N,20,N20
577.5,1294.3,46.2859654426575, 'dark_grass',N,22,N22
472.5,1294.3,16.2348014116287, 'water',N,24,N24
367.5,1294.3,33.2844436168671, 'grass',N,26,N26
262.5,1294.3,2.75775790214539, 'dark_water',N,28,N28
157.5,1294.3,0.0, 'dark_water',N,30,N30
52.5,1294.3,0.0, 'dark_water',N,32,N32
1680.0,1264.2,0.0, 'dark_water',O,1,O1
1575.0,1264.2,0.0, 'dark_water',O,3,O3
1470.0,1264.2,5.58787107467651, 'dark_water',O,5,O5
1365.0,1264.2,3.55316877365112, 'dark_water',O,7,O7
1260.0,1264.2,44.1195827722549, 'dark_grass',O,9,O9
1155.0,1264.2,45.8921420574188, 'dark_grass',O,11,O11
1050.0,1264.2,50.3042578697205, 'dark_grass',O,13,O13
945.0,1264.2,66.2096491456032, 'rocky',O,15,O15
840.0,1264.2,71.19320333004, 'snowy',O,17,O17
735.0,1264.2,38.3576193451881, 'grass',O,19,O19
630.0,1264.2,54.4612035155296, 'dark_grass',O,21,O21
525.0,1264.2,24.8554068803787, 'sand',O,23,O23
420.0,1264.2,14.3407666683197, 'water',O,25,O25
315.0,1264.2,22.8170800209045, 'sand',O,27,O27
210.0,1264.2,0.0, 'dark_water',O,29,O29
105.0,1264.2,0.0, 'dark_water',O,31,O31
0.0,1264.2,0.0, 'dark_water',O,33,O33
1627.5,1234.1,0.0, 'dark_water',P,2,P2
1522.5,1234.1,0.0, 'dark_water',P,4,P4
1417.5,1234.1,1.93419098854065, 'dark_water',P,6,P6
1312.5,1234.1,49.2918866872788, 'dark_grass',P,8,P8
1207.5,1234.1,44.5481657981873, 'dark_grass',P,10,P10
1102.5,1234.1,40.0502818822861, 'dark_grass',P,12,P12
997.5,1234.1,70.5983304977417, 'snowy',P,14,P14
892.5,1234.1,65.6243294477463, 'rocky',P,16,P16
787.5,1234.1,46.9939935207367, 'dark_grass',P,18,P18
682.5,1234.1,59.000481069088, 'dark_grass',P,20,P20
577.5,1234.1,45.1272502541542, 'dark_grass',P,22,P22
472.5,1234.1,10.9551447629929, 'water',P,24,P24
367.5,1234.1,7.68823027610779, 'dark_water',P,26,P26
262.5,1234.1,0.0, 'dark_water',P,28,P28
157.5,1234.1,0.0, 'dark_water',P,30,P30
52.5,1234.1,0.0, 'dark_water',P,32,P32
1680.0,1204.0,0.0, 'dark_water',Q,1,Q1
1575.0,1204.0,0.0, 'dark_water',Q,3,Q3
1470.0,1204.0,19.1563153266907, 'water',Q,5,Q5
1365.0,1204.0,20.8221280574799, 'sand',Q,7,Q7
1260.0,1204.0,42.7731746435165, 'dark_grass',Q,9,Q9
1155.0,1204.0,46.6726130247116, 'dark_grass',Q,11,Q11
1050.0,1204.0,42.6987120509148, 'dark_grass',Q,13,Q13
945.0,1204.0,64.3955482542515, 'rocky',Q,15,Q15
840.0,1204.0,61.6072525084019, 'rocky',Q,17,Q17
735.0,1204.0,72.5489974021912, 'snowy',Q,19,Q19
630.0,1204.0,77.2127535939217, 'snowy',Q,21,Q21
525.0,1204.0,17.6454842090607, 'water',Q,23,Q23
420.0,1204.0,0.0, 'dark_water',Q,25,Q25
315.0,1204.0,2.70414233207703, 'dark_water',Q,27,Q27
210.0,1204.0,0.0, 'dark_water',Q,29,Q29
105.0,1204.0,0.0, 'dark_water',Q,31,Q31
0.0,1204.0,0.0, 'dark_water',Q,33,Q33
1627.5,1173.9,0.0, 'dark_water',R,2,R2
1522.5,1173.9,15.2148270606995, 'water',R,4,R4
1417.5,1173.9,5.65408945083618, 'dark_water',R,6,R6
1312.5,1173.9,53.8613373041153, 'dark_grass',R,8,R8
1207.5,1173.9,36.7669039964676, 'grass',R,10,R10
1102.5,1173.9,44.6720400452614, 'dark_grass',R,12,R12
997.5,1173.9,63.9628873765469, 'rocky',R,14,R14
892.5,1173.9,76.722509264946, 'snowy',R,16,R16
787.5,1173.9,44.9190916121006, 'dark_grass',R,18,R18
682.5,1173.9,75.515271127224, 'snowy',R,20,R20
577.5,1173.9,50.4762706160545, 'dark_grass',R,22,R22
472.5,1173.9,8.06147933006287, 'dark_water',R,24,R24
367.5,1173.9,7.3062264919281, 'dark_water',R,26,R26
262.5,1173.9,0.0, 'dark_water',R,28,R28
157.5,1173.9,0.0, 'dark_water',R,30,R30
52.5,1173.9,0.0, 'dark_water',R,32,R32
1680.0,1143.8,0.0, 'dark_water',S,1,S1
1575.0,1143.8,0.0, 'dark_water',S,3,S3
1470.0,1143.8,23.5925495624542, 'sand',S,5,S5
1365.0,1143.8,6.46731376647949, 'dark_water',S,7,S7
1260.0,1143.8,30.4809540510178, 'grass',S,9,S9
1155.0,1143.8,39.232422709465, 'grass',S,11,S11
1050.0,1143.8,53.4199704229832, 'dark_grass',S,13,S13
945.0,1143.8,69.3472677469254, 'rocky',S,15,S15
840.0,1143.8,39.3148331344128, 'grass',S,17,S17
735.0,1143.8,62.5090017914772, 'rocky',S,19,S19
630.0,1143.8,62.8265382349491, 'rocky',S,21,S21
525.0,1143.8,18.6092314124107, 'water',S,23,S23
420.0,1143.8,15.4850631952286, 'water',S,25,S25
315.0,1143.8,22.302542924881, 'sand',S,27,S27
210.0,1143.8,0.0, 'dark_water',S,29,S29
105.0,1143.8,0.0, 'dark_water',S,31,S31
0.0,1143.8,0.0, 'dark_water',S,33,S33
1627.5,1113.7,0.0, 'dark_water',T,2,T2
1522.5,1113.7,29.8524177074432, 'grass',T,4,T4
1417.5,1113.7,15.9108030796051, 'water',T,6,T6
1312.5,1113.7,10.3552329540253, 'water',T,8,T8
1207.5,1113.7,38.1418392062187, 'grass',T,10,T10
1102.5,1113.7,81.6693784296513, 'snowy',T,12,T12
997.5,1113.7,70.4310129582882, 'snowy',T,14,T14
892.5,1113.7,26.8922287970781, 'grass',T,16,T16
787.5,1113.7,22.6002459973097, 'sand',T,18,T18
682.5,1113.7,82.8548245131969, 'snowy',T,20,T20
577.5,1113.7,46.6424936056137, 'dark_grass',T,22,T22
472.5,1113.7,11.2011095881462, 'water',T,24,T24
367.5,1113.7,21.3383728265762, 'sand',T,26,T26
262.5,1113.7,5.21328091621399, 'dark_water',T,28,T28
157.5,1113.7,0.0, 'dark_water',T,30,T30
52.5,1113.7,0.0, 'dark_water',T,32,T32
1680.0,1083.6,0.0, 'dark_water',U,1,U1
1575.0,1083.6,0.0, 'dark_water',U,3,U3
1470.0,1083.6,36.8555510044098, 'grass',U,5,U5
1365.0,1083.6,12.8731673955917, 'water',U,7,U7
1260.0,1083.6,25.6474649906158, 'grass',U,9,U9
1155.0,1083.6,62.2414147853851, 'rocky',U,11,U11
1050.0,1083.6,79.0064549446106, 'snowy',U,13,U13
945.0,1083.6,61.9683019816875, 'rocky',U,15,U15
840.0,1083.6,25.8942738175392, 'grass',U,17,U17
735.0,1083.6,67.528718188405, 'rocky',U,19,U19
630.0,1083.6,56.8772873282433, 'dark_grass',U,21,U21
525.0,1083.6,22.8950661420822, 'sand',U,23,U23
420.0,1083.6,23.6217212677002, 'sand',U,25,U25
315.0,1083.6,12.3784214258194, 'water',U,27,U27
210.0,1083.6,13.3094251155853, 'water',U,29,U29
105.0,1083.6,0.0, 'dark_water',U,31,U31
0.0,1083.6,0.0, 'dark_water',U,33,U33
1627.5,1053.5,0.0, 'dark_water',V,2,V2
1522.5,1053.5,33.5549068450928, 'grass',V,4,V4
1417.5,1053.5,10.0631386041641, 'water',V,6,V6
1312.5,1053.5,2.27364420890808, 'dark_water',V,8,V8
1207.5,1053.5,33.3715662360191, 'grass',V,10,V10
1102.5,1053.5,43.3536078035831, 'dark_grass',V,12,V12
997.5,1053.5,81.6260936111212, 'snowy',V,14,V14
892.5,1053.5,18.2625334337354, 'water',V,16,V16
787.5,1053.5,21.4521284401417, 'sand',V,18,V18
682.5,1053.5,66.0238205641508, 'rocky',V,20,V20
577.5,1053.5,48.5175423324108, 'dark_grass',V,22,V22
472.5,1053.5,32.3126435279846, 'grass',V,24,V24
367.5,1053.5,22.2577553987503, 'sand',V,26,V26
262.5,1053.5,4.35086488723755, 'dark_water',V,28,V28
157.5,1053.5,0.0, 'dark_water',V,30,V30
52.5,1053.5,0.0, 'dark_water',V,32,V32
1680.0,1023.4,0.0, 'dark_water',W,1,W1
1575.0,1023.4,11.8762707710266, 'water',W,3,W3
1470.0,1023.4,37.9367065429687, 'grass',W,5,W5
1365.0,1023.4,15.9154397249222, 'water',W,7,W7
1260.0,1023.4,26.8542230129242, 'grass',W,9,W9
1155.0,1023.4,41.4787213504314, 'dark_grass',W,11,W11
1050.0,1023.4,37.039452418685, 'grass',W,13,W13
945.0,1023.4,43.7352636829019, 'dark_grass',W,15,W15
840.0,1023.4,40.7320744358003, 'dark_grass',W,17,W17
735.0,1023.4,45.0187408179045, 'dark_grass',W,19,W19
630.0,1023.4,40.3713002800942, 'dark_grass',W,21,W21
525.0,1023.4,25.6003747880459, 'grass',W,23,W23
420.0,1023.4,43.0193048715591, 'dark_grass',W,25,W25
315.0,1023.4,8.03117036819458, 'dark_water',W,27,W27
210.0,1023.4,0.0, 'dark_water',W,29,W29
105.0,1023.4,0.0, 'dark_water',W,31,W31
0.0,1023.4,0.0, 'dark_water',W,33,W33
1627.5,993.3,0.0, 'dark_water',X,2,X2
1522.5,993.3,42.6106989383698, 'dark_grass',X,4,X4
1417.5,993.3,24.7707384824753, 'sand',X,6,X6
1312.5,993.3,4.403355717659, 'dark_water',X,8,X8
1207.5,993.3,37.7772027254105, 'grass',X,10,X10
1102.5,993.3,33.3848637342453, 'grass',X,12,X12
997.5,993.3,45.4288836568594, 'dark_grass',X,14,X14
892.5,993.3,44.0740379411727, 'dark_grass',X,16,X16
787.5,993.3,55.0726908445358, 'dark_grass',X,18,X18
682.5,993.3,44.2129569500685, 'dark_grass',X,20,X20
577.5,993.3,38.0541501939297, 'grass',X,22,X22
472.5,993.3,46.3969454169273, 'dark_grass',X,24,X24
367.5,993.3,28.2064086198807, 'grass',X,26,X26
262.5,993.3,13.8510954380035, 'water',X,28,X28
157.5,993.3,0.0, 'dark_water',X,30,X30
52.5,993.3,0.0, 'dark_water',X,32,X32
1680.0,963.2,0.0, 'dark_water',Y,1,Y1
1575.0,963.2,14.0526366233826, 'water',Y,3,Y3
1470.0,963.2,43.7380814552307, 'dark_grass',Y,5,Y5
1365.0,963.2,18.1252884864807, 'water',Y,7,Y7
1260.0,963.2,30.6133300065994, 'grass',Y,9,Y9
1155.0,963.2,43.4796416759491, 'dark_grass',Y,11,Y11
1050.0,963.2,57.1107469126582, 'dark_grass',Y,13,Y13
945.0,963.2,53.3469115197659, 'dark_grass',Y,15,Y15
840.0,963.2,37.665237528272, 'grass',Y,17,Y17
735.0,963.2,34.4994066283107, 'grass',Y,19,Y19
630.0,963.2,32.6362287998199, 'grass',Y,21,Y21
525.0,963.2,42.9036511480808, 'dark_grass',Y,23,Y23
420.0,963.2,23.3406275510788, 'sand',Y,25,Y25
315.0,963.2,24.2752665281296, 'sand',Y,27,Y27
210.0,963.2,21.3984668254852, 'sand',Y,29,Y29
105.0,963.2,0.0, 'dark_water',Y,31,Y31
0.0,963.2,0.0, 'dark_water',Y,33,Y33
1627.5,933.1,0.0, 'dark_water',Z,2,Z2
1522.5,933.1,25.5276381969452, 'grass',Z,4,Z4
1417.5,933.1,46.9473427534103, 'dark_grass',Z,6,Z6
1312.5,933.1,17.6068916916847, 'water',Z,8,Z8
1207.5,933.1,52.3178762197495, 'dark_grass',Z,10,Z10
1102.5,933.1,61.251862719655, 'rocky',Z,12,Z12
997.5,933.1,34.4272510148585, 'grass',Z,14,Z14
892.5,933.1,75.1596705056727, 'snowy',Z,16,Z16
787.5,933.1,33.4730926528573, 'grass',Z,18,Z18
682.5,933.1,49.5508425682783, 'dark_grass',Z,20,Z20
577.5,933.1,26.3146495074034, 'grass',Z,22,Z22
472.5,933.1,37.7594482898712, 'grass',Z,24,Z24
367.5,933.1,27.1973115205765, 'grass',Z,26,Z26
262.5,933.1,25.7044637203217, 'grass',Z,28,Z28
157.5,933.1,12.5505673885345, 'water',Z,30,Z30
52.5,933.1,0.0, 'dark_water',Z,32,Z32
1680.0,903.0,0.0, 'dark_water',AA,1,AA1
1575.0,903.0,1.92321181297302, 'dark_water',AA,3,AA3
1470.0,903.0,42.054591178894, 'dark_grass',AA,5,AA5
1365.0,903.0,52.3556041717529, 'dark_grass',AA,7,AA7
1260.0,903.0,30.402712225914, 'grass',AA,9,AA9
1155.0,903.0,82.0038722455502, 'snowy',AA,11,AA11
1050.0,903.0,73.823857717216, 'snowy',AA,13,AA13
945.0,903.0,73.7177475867793, 'snowy',AA,15,AA15
840.0,903.0,44.5140171441017, 'dark_grass',AA,17,AA17
735.0,903.0,38.470940804109, 'grass',AA,19,AA19
630.0,903.0,30.3903932869434, 'grass',AA,21,AA21
525.0,903.0,24.903579801321, 'sand',AA,23,AA23
420.0,903.0,28.6074417829514, 'grass',AA,25,AA25
315.0,903.0,10.3752189874649, 'water',AA,27,AA27
210.0,903.0,34.3938159942627, 'grass',AA,29,AA29
105.0,903.0,0.0, 'dark_water',AA,31,AA31
0.0,903.0,0.0, 'dark_water',AA,33,AA33
1627.5,872.9,0.0, 'dark_water',BB,2,BB2
1522.5,872.9,44.5566594600678, 'dark_grass',BB,4,BB4
1417.5,872.9,49.2012012004852, 'dark_grass',BB,6,BB6
1312.5,872.9,25.9137314558029, 'grass',BB,8,BB8
1207.5,872.9,58.8830271363258, 'dark_grass',BB,10,BB10
1102.5,872.9,69.6025217324495, 'rocky',BB,12,BB12
997.5,872.9,50.3043915890157, 'dark_grass',BB,14,BB14
892.5,872.9,90.7030707402737, 'snowy',BB,16,BB16
787.5,872.9,34.6021319646388, 'grass',BB,18,BB18
682.5,872.9,52.4284787848592, 'dark_grass',BB,20,BB20
577.5,872.9,36.1156672239304, 'grass',BB,22,BB22
472.5,872.9,26.0438525676727, 'grass',BB,24,BB24
367.5,872.9,18.1825822591782, 'water',BB,26,BB26
262.5,872.9,0.522994995117188, 'dark_water',BB,28,BB28
157.5,872.9,1.99443340301514, 'dark_water',BB,30,BB30
52.5,872.9,0.0, 'dark_water',BB,32,BB32
1680.0,842.8,0.0, 'dark_water',CC,1,CC1
1575.0,842.8,0.0, 'dark_water',CC,3,CC3
1470.0,842.8,60.0065195560455, 'rocky',CC,5,CC5
1365.0,842.8,40.3023952245712, 'dark_grass',CC,7,CC7
1260.0,842.8,48.9451870322228, 'dark_grass',CC,9,CC9
1155.0,842.8,65.2157619595528, 'rocky',CC,11,CC11
1050.0,842.8,45.8990932255983, 'dark_grass',CC,13,CC13
945.0,842.8,51.221827226691, 'dark_grass',CC,15,CC15
840.0,842.8,46.7705386014859, 'dark_grass',CC,17,CC17
735.0,842.8,37.317519010976, 'grass',CC,19,CC19
630.0,842.8,66.8625785037875, 'rocky',CC,21,CC21
525.0,842.8,28.4967063367367, 'grass',CC,23,CC23
420.0,842.8,35.8303990960121, 'grass',CC,25,CC25
315.0,842.8,8.47494184970856, 'dark_water',CC,27,CC27
210.0,842.8,2.19206571578979, 'dark_water',CC,29,CC29
105.0,842.8,0.0, 'dark_water',CC,31,CC31
0.0,842.8,0.0, 'dark_water',CC,33,CC33
1627.5,812.7,0.0, 'dark_water',DD,2,DD2
1522.5,812.7,36.4347231388092, 'grass',DD,4,DD4
1417.5,812.7,35.8836686611176, 'grass',DD,6,DD6
1312.5,812.7,36.6845226287842, 'grass',DD,8,DD8
1207.5,812.7,86.2601329386234, 'snowy',DD,10,DD10
1102.5,812.7,32.8326988220215, 'grass',DD,12,DD12
997.5,812.7,54.339328436181, 'dark_grass',DD,14,DD14
892.5,812.7,56.9615404045908, 'dark_grass',DD,16,DD16
787.5,812.7,59.1410352056846, 'dark_grass',DD,18,DD18
682.5,812.7,44.3129638396204, 'dark_grass',DD,20,DD20
577.5,812.7,62.9940044134855, 'rocky',DD,22,DD22
472.5,812.7,18.8124918937683, 'water',DD,24,DD24
367.5,812.7,30.2699428796768, 'grass',DD,26,DD26
262.5,812.7,12.5364410877228, 'water',DD,28,DD28
157.5,812.7,0.0, 'dark_water',DD,30,DD30
52.5,812.7,0.0, 'dark_water',DD,32,DD32
1680.0,782.6,0.0, 'dark_water',EE,1,EE1
1575.0,782.6,0.0, 'dark_water',EE,3,EE3
1470.0,782.6,44.0715658664703, 'dark_grass',EE,5,EE5
1365.0,782.6,22.925877571106, 'sand',EE,7,EE7
1260.0,782.6,29.266260266304, 'grass',EE,9,EE9
1155.0,782.6,52.1759136021137, 'dark_grass',EE,11,EE11
1050.0,782.6,43.8477519527078, 'dark_grass',EE,13,EE13
945.0,782.6,65.8427681028843, 'rocky',EE,15,EE15
840.0,782.6,61.4102903916501, 'rocky',EE,17,EE17
735.0,782.6,48.5038023814559, 'dark_grass',EE,19,EE19
630.0,782.6,66.4711278676987, 'rocky',EE,21,EE21
525.0,782.6,25.16496732831, 'grass',EE,23,EE23
420.0,782.6,35.5444782972336, 'grass',EE,25,EE25
315.0,782.6,17.9220020771027, 'water',EE,27,EE27
210.0,782.6,0.0, 'dark_water',EE,29,EE29
105.0,782.6,28.423912525177, 'grass',EE,31,EE31
0.0,782.6,0.0, 'dark_water',EE,33,EE33
1627.5,752.5,0.0, 'dark_water',FF,2,FF2
1522.5,752.5,26.5640330314636, 'grass',FF,4,FF4
1417.5,752.5,31.0275560617447, 'grass',FF,6,FF6
1312.5,752.5,42.3748317360878, 'dark_grass',FF,8,FF8
1207.5,752.5,76.2725651264191, 'snowy',FF,10,FF10
1102.5,752.5,50.1169969886541, 'dark_grass',FF,12,FF12
997.5,752.5,51.5879071690142, 'dark_grass',FF,14,FF14
892.5,752.5,83.6561873182654, 'snowy',FF,16,FF16
787.5,752.5,67.4010034091771, 'rocky',FF,18,FF18
682.5,752.5,55.6522625684738, 'dark_grass',FF,20,FF20
577.5,752.5,51.3937103748322, 'dark_grass',FF,22,FF22
472.5,752.5,34.1307386755943, 'grass',FF,24,FF24
367.5,752.5,26.9622963666916, 'grass',FF,26,FF26
262.5,752.5,18.4725773334503, 'water',FF,28,FF28
157.5,752.5,0.0, 'dark_water',FF,30,FF30
52.5,752.5,0.0, 'dark_water',FF,32,FF32
1680.0,722.4,0.0, 'dark_water',GG,1,GG1
1575.0,722.4,0.0, 'dark_water',GG,3,GG3
1470.0,722.4,15.5151164531708, 'water',GG,5,GG5
1365.0,722.4,39.8314225673676, 'grass',GG,7,GG7
1260.0,722.4,58.4795406460762, 'dark_grass',GG,9,GG9
1155.0,722.4,67.108361274004, 'rocky',GG,11,GG11
1050.0,722.4,50.6590314209461, 'dark_grass',GG,13,GG13
945.0,722.4,57.9896680265665, 'dark_grass',GG,15,GG15
840.0,722.4,63.754018926993, 'rocky',GG,17,GG17
735.0,722.4,67.0495196431875, 'rocky',GG,19,GG19
630.0,722.4,51.3387785106897, 'dark_grass',GG,21,GG21
525.0,722.4,25.4980601370335, 'grass',GG,23,GG23
420.0,722.4,40.479688346386, 'dark_grass',GG,25,GG25
315.0,722.4,28.8328993320465, 'grass',GG,27,GG27
210.0,722.4,10.5469000339508, 'water',GG,29,GG29
105.0,722.4,0.0, 'dark_water',GG,31,GG31
0.0,722.4,0.0, 'dark_water',GG,33,GG33
1627.5,692.3,0.0, 'dark_water',HH,2,HH2
1522.5,692.3,0.0, 'dark_water',HH,4,HH4
1417.5,692.3,31.3576394319534, 'grass',HH,6,HH6
1312.5,692.3,68.0325955152512, 'rocky',HH,8,HH8
1207.5,692.3,67.996783554554, 'rocky',HH,10,HH10
1102.5,692.3,48.8149009644985, 'dark_grass',HH,12,HH12
997.5,692.3,47.4103015288711, 'dark_grass',HH,14,HH14
892.5,692.3,87.5347848236561, 'snowy',HH,16,HH16
787.5,692.3,53.7522744387388, 'dark_grass',HH,18,HH18
682.5,692.3,65.5271498858929, 'rocky',HH,20,HH20
577.5,692.3,46.4147266745567, 'dark_grass',HH,22,HH22
472.5,692.3,29.4315066933632, 'grass',HH,24,HH24
367.5,692.3,39.4445067644119, 'grass',HH,26,HH26
262.5,692.3,20.5375421047211, 'sand',HH,28,HH28
157.5,692.3,2.27050423622131, 'dark_water',HH,30,HH30
52.5,692.3,0.0, 'dark_water',HH,32,HH32
1680.0,662.2,0.0, 'dark_water',II,1,II1
1575.0,662.2,0.0, 'dark_water',II,3,II3
1470.0,662.2,5.84127545356751, 'dark_water',II,5,II5
1365.0,662.2,32.9640394449234, 'grass',II,7,II7
1260.0,662.2,44.8933947086334, 'dark_grass',II,9,II9
1155.0,662.2,47.0834961533546, 'dark_grass',II,11,II11
1050.0,662.2,50.2413104474545, 'dark_grass',II,13,II13
945.0,662.2,65.0733248144388, 'rocky',II,15,II15
840.0,662.2,43.6929150670767, 'dark_grass',II,17,II17
735.0,662.2,62.8218638151884, 'rocky',II,19,II19
630.0,662.2,61.2456795573235, 'rocky',II,21,II21
525.0,662.2,47.2915211319923, 'dark_grass',II,23,II23
420.0,662.2,53.3244287967682, 'dark_grass',II,25,II25
315.0,662.2,32.8448152542114, 'grass',II,27,II27
210.0,662.2,15.4002606868744, 'water',II,29,II29
105.0,662.2,0.0, 'dark_water',II,31,II31
0.0,662.2,0.0, 'dark_water',II,33,II33
1627.5,632.1,0.0, 'dark_water',JJ,2,JJ2
1522.5,632.1,0.0, 'dark_water',JJ,4,JJ4
1417.5,632.1,32.5452375411987, 'grass',JJ,6,JJ6
1312.5,632.1,31.5340948104858, 'grass',JJ,8,JJ8
1207.5,632.1,53.0316817760468, 'dark_grass',JJ,10,JJ10
1102.5,632.1,53.6852936446667, 'dark_grass',JJ,12,JJ12
997.5,632.1,55.008617118001, 'dark_grass',JJ,14,JJ14
892.5,632.1,47.6661695167422, 'dark_grass',JJ,16,JJ16
787.5,632.1,46.3171990960836, 'dark_grass',JJ,18,JJ18
682.5,632.1,46.7848880589008, 'dark_grass',JJ,20,JJ20
577.5,632.1,53.8298705220223, 'dark_grass',JJ,22,JJ22
472.5,632.1,39.3633940815926, 'grass',JJ,24,JJ24
367.5,632.1,19.7341847419739, 'water',JJ,26,JJ26
262.5,632.1,11.1728990077972, 'water',JJ,28,JJ28
157.5,632.1,6.99344515800476, 'dark_water',JJ,30,JJ30
52.5,632.1,0.0, 'dark_water',JJ,32,JJ32
1680.0,602.0,0.0, 'dark_water',KK,1,KK1
1575.0,602.0,21.5009379386902, 'sand',KK,3,KK3
1470.0,602.0,0.0, 'dark_water',KK,5,KK5
1365.0,602.0,33.3485645055771, 'grass',KK,7,KK7
1260.0,602.0,37.8111362457275, 'grass',KK,9,KK9
1155.0,602.0,28.8621872663498, 'grass',KK,11,KK11
1050.0,602.0,39.5212997496128, 'grass',KK,13,KK13
945.0,602.0,63.4373467415571, 'rocky',KK,15,KK15
840.0,602.0,33.069449365139, 'grass',KK,17,KK17
735.0,602.0,49.0585351735354, 'dark_grass',KK,19,KK19
630.0,602.0,53.630864918232, 'dark_grass',KK,21,KK21
525.0,602.0,32.0698133111, 'grass',KK,23,KK23
420.0,602.0,26.2479990720749, 'grass',KK,25,KK25
315.0,602.0,29.5687329769135, 'grass',KK,27,KK27
210.0,602.0,5.16757607460022, 'dark_water',KK,29,KK29
105.0,602.0,0.0, 'dark_water',KK,31,KK31
0.0,602.0,0.0, 'dark_water',KK,33,KK33
1627.5,571.9,0.0, 'dark_water',LL,2,LL2
1522.5,571.9,0.0, 'dark_water',LL,4,LL4
1417.5,571.9,22.0650100708008, 'sand',LL,6,LL6
1312.5,571.9,23.6182308197021, 'sand',LL,8,LL8
1207.5,571.9,33.7046027183533, 'grass',LL,10,LL10
1102.5,571.9,66.1829343438149, 'rocky',LL,12,LL12
997.5,571.9,50.5845840275288, 'dark_grass',LL,14,LL14
892.5,571.9,38.4562533348799, 'grass',LL,16,LL16
787.5,571.9,43.1798795610666, 'dark_grass',LL,18,LL18
682.5,571.9,34.2842182517052, 'grass',LL,20,LL20
577.5,571.9,46.8269911408424, 'dark_grass',LL,22,LL22
472.5,571.9,38.0901771783829, 'grass',LL,24,LL24
367.5,571.9,21.4689642190933, 'sand',LL,26,LL26
262.5,571.9,1.83696269989014, 'dark_water',LL,28,LL28
157.5,571.9,0.0, 'dark_water',LL,30,LL30
52.5,571.9,0.0, 'dark_water',LL,32,LL32
1680.0,541.8,0.0, 'dark_water',MM,1,MM1
1575.0,541.8,4.09508228302002, 'dark_water',MM,3,MM3
1470.0,541.8,0.0, 'dark_water',MM,5,MM5
1365.0,541.8,12.648811340332, 'water',MM,7,MM7
1260.0,541.8,40.9806936979294, 'dark_grass',MM,9,MM9
1155.0,541.8,61.5438267588615, 'rocky',MM,11,MM11
1050.0,541.8,52.954635322094, 'dark_grass',MM,13,MM13
945.0,541.8,59.8698404431343, 'dark_grass',MM,15,MM15
840.0,541.8,58.1615290045738, 'dark_grass',MM,17,MM17
735.0,541.8,56.6934737563133, 'dark_grass',MM,19,MM19
630.0,541.8,47.6451060175896, 'dark_grass',MM,21,MM21
525.0,541.8,62.5250825285912, 'rocky',MM,23,MM23
420.0,541.8,17.4897533655167, 'water',MM,25,MM25
315.0,541.8,35.371413230896, 'grass',MM,27,MM27
210.0,541.8,0.0, 'dark_water',MM,29,MM29
105.0,541.8,0.0, 'dark_water',MM,31,MM31
0.0,541.8,0.0, 'dark_water',MM,33,MM33
1627.5,511.7,0.0, 'dark_water',NN,2,NN2
1522.5,511.7,0.0, 'dark_water',NN,4,NN4
1417.5,511.7,0.0, 'dark_water',NN,6,NN6
1312.5,511.7,36.7543083429337, 'grass',NN,8,NN8
1207.5,511.7,27.3550307750702, 'grass',NN,10,NN10
1102.5,511.7,76.4421594142914, 'snowy',NN,12,NN12
997.5,511.7,67.352527230978, 'rocky',NN,14,NN14
892.5,511.7,65.2737584710121, 'rocky',NN,16,NN16
787.5,511.7,66.6767536103725, 'rocky',NN,18,NN18
682.5,511.7,37.7311143279076, 'grass',NN,20,NN20
577.5,511.7,52.1176108717918, 'dark_grass',NN,22,NN22
472.5,511.7,44.1018730401993, 'dark_grass',NN,24,NN24
367.5,511.7,30.9415447711945, 'grass',NN,26,NN26
262.5,511.7,10.4550468921661, 'water',NN,28,NN28
157.5,511.7,0.0, 'dark_water',NN,30,NN30
52.5,511.7,0.0, 'dark_water',NN,32,NN32
1680.0,481.6,0.0, 'dark_water',OO,1,OO1
1575.0,481.6,0.0, 'dark_water',OO,3,OO3
1470.0,481.6,0.0, 'dark_water',OO,5,OO5
1365.0,481.6,14.9443602561951, 'water',OO,7,OO7
1260.0,481.6,15.3101027011871, 'water',OO,9,OO9
1155.0,481.6,68.360949754715, 'rocky',OO,11,OO11
1050.0,481.6,53.9223021268845, 'dark_grass',OO,13,OO13
945.0,481.6,61.0589987039566, 'rocky',OO,15,OO15
840.0,481.6,60.5123519897461, 'rocky',OO,17,OO17
735.0,481.6,57.1823707222939, 'dark_grass',OO,19,OO19
630.0,481.6,47.5743868947029, 'dark_grass',OO,21,OO21
525.0,481.6,51.7464637756348, 'dark_grass',OO,23,OO23
420.0,481.6,24.5297169685364, 'sand',OO,25,OO25
315.0,481.6,31.9520401954651, 'grass',OO,27,OO27
210.0,481.6,0.0, 'dark_water',OO,29,OO29
105.0,481.6,0.0, 'dark_water',OO,31,OO31
0.0,481.6,0.0, 'dark_water',OO,33,OO33
1627.5,451.5,0.0, 'dark_water',PP,2,PP2
1522.5,451.5,0.0, 'dark_water',PP,4,PP4
1417.5,451.5,1.28979563713074, 'dark_water',PP,6,PP6
1312.5,451.5,0.0, 'dark_water',PP,8,PP8
1207.5,451.5,32.7145171165466, 'grass',PP,10,PP10
1102.5,451.5,53.2562720775604, 'dark_grass',PP,12,PP12
997.5,451.5,44.9944040179253, 'dark_grass',PP,14,PP14
892.5,451.5,39.5265287160873, 'grass',PP,16,PP16
787.5,451.5,55.2681335806847, 'dark_grass',PP,18,PP18
682.5,451.5,58.281392455101, 'dark_grass',PP,20,PP20
577.5,451.5,59.6675527095795, 'dark_grass',PP,22,PP22
472.5,451.5,40.4407167434692, 'dark_grass',PP,24,PP24
367.5,451.5,15.3773546218872, 'water',PP,26,PP26
262.5,451.5,2.90904879570007, 'dark_water',PP,28,PP28
157.5,451.5,0.0, 'dark_water',PP,30,PP30
52.5,451.5,0.0, 'dark_water',PP,32,PP32
1680.0,421.4,0.0, 'dark_water',QQ,1,QQ1
1575.0,421.4,0.0, 'dark_water',QQ,3,QQ3
1470.0,421.4,0.0, 'dark_water',QQ,5,QQ5
1365.0,421.4,6.76056504249573, 'dark_water',QQ,7,QQ7
1260.0,421.4,9.63021755218506, 'dark_water',QQ,9,QQ9
1155.0,421.4,33.0880272388458, 'grass',QQ,11,QQ11
1050.0,421.4,29.9296742677689, 'grass',QQ,13,QQ13
945.0,421.4,28.4591665863991, 'grass',QQ,15,QQ15
840.0,421.4,44.090421795845, 'dark_grass',QQ,17,QQ17
735.0,421.4,74.8379892110825, 'snowy',QQ,19,QQ19
630.0,421.4,46.7606037855148, 'dark_grass',QQ,21,QQ21
525.0,421.4,17.445747256279, 'water',QQ,23,QQ23
420.0,421.4,11.7047703266144, 'water',QQ,25,QQ25
315.0,421.4,37.5500822067261, 'grass',QQ,27,QQ27
210.0,421.4,0.0, 'dark_water',QQ,29,QQ29
105.0,421.4,0.0, 'dark_water',QQ,31,QQ31
0.0,421.4,0.0, 'dark_water',QQ,33,QQ33
1627.5,391.3,0.0, 'dark_water',RR,2,RR2
1522.5,391.3,0.764186382293701, 'dark_water',RR,4,RR4
1417.5,391.3,7.54215359687805, 'dark_water',RR,6,RR6
1312.5,391.3,0.0, 'dark_water',RR,8,RR8
1207.5,391.3,7.78346478939056, 'dark_water',RR,10,RR10
1102.5,391.3,21.3485187292099, 'sand',RR,12,RR12
997.5,391.3,20.116091966629, 'sand',RR,14,RR14
892.5,391.3,30.0821873545647, 'grass',RR,16,RR16
787.5,391.3,43.0253854393959, 'dark_grass',RR,18,RR18
682.5,391.3,49.4079458713532, 'dark_grass',RR,20,RR20
577.5,391.3,34.8476243019104, 'grass',RR,22,RR22
472.5,391.3,14.0635550022125, 'water',RR,24,RR24
367.5,391.3,8.82373452186585, 'dark_water',RR,26,RR26
262.5,391.3,0.0, 'dark_water',RR,28,RR28
157.5,391.3,0.0, 'dark_water',RR,30,RR30
52.5,391.3,0.0, 'dark_water',RR,32,RR32
1680.0,361.2,0.0, 'dark_water',SS,1,SS1
1575.0,361.2,0.0, 'dark_water',SS,3,SS3
1470.0,361.2,0.0, 'dark_water',SS,5,SS5
1365.0,361.2,0.0, 'dark_water',SS,7,SS7
1260.0,361.2,0.0, 'dark_water',SS,9,SS9
1155.0,361.2,10.5111318826675, 'water',SS,11,SS11
1050.0,361.2,20.2806669473648, 'sand',SS,13,SS13
945.0,361.2,27.5611674785614, 'grass',SS,15,SS15
840.0,361.2,48.1758284568787, 'dark_grass',SS,17,SS17
735.0,361.2,48.3249056339264, 'dark_grass',SS,19,SS19
630.0,361.2,46.1980319023132, 'dark_grass',SS,21,SS21
525.0,361.2,9.73988771438599, 'dark_water',SS,23,SS23
420.0,361.2,11.0661399364471, 'water',SS,25,SS25
315.0,361.2,7.2934877872467, 'dark_water',SS,27,SS27
210.0,361.2,0.0, 'dark_water',SS,29,SS29
105.0,361.2,0.0, 'dark_water',SS,31,SS31
0.0,361.2,0.0, 'dark_water',SS,33,SS33
1627.5,331.1,0.0, 'dark_water',TT,2,TT2
1522.5,331.1,0.0, 'dark_water',TT,4,TT4
1417.5,331.1,0.0, 'dark_water',TT,6,TT6
1312.5,331.1,0.0, 'dark_water',TT,8,TT8
1207.5,331.1,21.7121529579163, 'sand',TT,10,TT10
1102.5,331.1,8.06698679924011, 'dark_water',TT,12,TT12
997.5,331.1,42.5135314464569, 'dark_grass',TT,14,TT14
892.5,331.1,45.4091387987137, 'dark_grass',TT,16,TT16
787.5,331.1,35.5972319841385, 'grass',TT,18,TT18
682.5,331.1,40.8106184005737, 'dark_grass',TT,20,TT20
577.5,331.1,35.5065679550171, 'grass',TT,22,TT22
472.5,331.1,6.16909861564636, 'dark_water',TT,24,TT24
367.5,331.1,0.0, 'dark_water',TT,26,TT26
262.5,331.1,0.0, 'dark_water',TT,28,TT28
157.5,331.1,0.0, 'dark_water',TT,30,TT30
52.5,331.1,0.0, 'dark_water',TT,32,TT32
1680.0,301.0,0.0, 'dark_water',UU,1,UU1
1575.0,301.0,0.0, 'dark_water',UU,3,UU3
1470.0,301.0,0.0, 'dark_water',UU,5,UU5
1365.0,301.0,0.0, 'dark_water',UU,7,UU7
1260.0,301.0,2.2472083568573, 'dark_water',UU,9,UU9
1155.0,301.0,10.5589699745178, 'water',UU,11,UU11
1050.0,301.0,17.3371893167496, 'water',UU,13,UU13
945.0,301.0,53.2118386030197, 'dark_grass',UU,15,UU15
840.0,301.0,28.692934513092, 'grass',UU,17,UU17
735.0,301.0,25.8779525756836, 'grass',UU,19,UU19
630.0,301.0,38.6275899410248, 'grass',UU,21,UU21
525.0,301.0,0.0, 'dark_water',UU,23,UU23
420.0,301.0,0.0, 'dark_water',UU,25,UU25
315.0,301.0,0.0, 'dark_water',UU,27,UU27
210.0,301.0,0.0, 'dark_water',UU,29,UU29
105.0,301.0,0.0, 'dark_water',UU,31,UU31
0.0,301.0,0.0, 'dark_water',UU,33,UU33
1627.5,270.9,0.0, 'dark_water',VV,2,VV2
1522.5,270.9,0.0, 'dark_water',VV,4,VV4
1417.5,270.9,0.0, 'dark_water',VV,6,VV6
1312.5,270.9,0.0, 'dark_water',VV,8,VV8
1207.5,270.9,0.0, 'dark_water',VV,10,VV10
1102.5,270.9,0.0, 'dark_water',VV,12,VV12
997.5,270.9,39.5978093147278, 'grass',VV,14,VV14
892.5,270.9,50.2783280611038, 'dark_grass',VV,16,VV16
787.5,270.9,36.9818919897079, 'grass',VV,18,VV18
682.5,270.9,20.2226328849792, 'sand',VV,20,VV20
577.5,270.9,38.3417522907257, 'grass',VV,22,VV22
472.5,270.9,1.93689465522766, 'dark_water',VV,24,VV24
367.5,270.9,0.0, 'dark_water',VV,26,VV26
262.5,270.9,0.0, 'dark_water',VV,28,VV28
157.5,270.9,0.0, 'dark_water',VV,30,VV30
52.5,270.9,0.0, 'dark_water',VV,32,VV32
1680.0,240.8,0.0, 'dark_water',WW,1,WW1
1575.0,240.8,0.0, 'dark_water',WW,3,WW3
1470.0,240.8,0.0, 'dark_water',WW,5,WW5
1365.0,240.8,0.0, 'dark_water',WW,7,WW7
1260.0,240.8,0.0, 'dark_water',WW,9,WW9
1155.0,240.8,0.0, 'dark_water',WW,11,WW11
1050.0,240.8,4.85368251800537, 'dark_water',WW,13,WW13
945.0,240.8,18.2530438899994, 'water',WW,15,WW15
840.0,240.8,21.4446222782135, 'sand',WW,17,WW17
735.0,240.8,2.99373507499695, 'dark_water',WW,19,WW19
630.0,240.8,13.0219709873199, 'water',WW,21,WW21
525.0,240.8,16.4589142799377, 'water',WW,23,WW23
420.0,240.8,12.372579574585, 'water',WW,25,WW25
315.0,240.8,0.0, 'dark_water',WW,27,WW27
210.0,240.8,0.0, 'dark_water',WW,29,WW29
105.0,240.8,0.0, 'dark_water',WW,31,WW31
0.0,240.8,0.0, 'dark_water',WW,33,WW33
1627.5,210.7,0.0, 'dark_water',XX,2,XX2
1522.5,210.7,0.0, 'dark_water',XX,4,XX4
1417.5,210.7,0.0, 'dark_water',XX,6,XX6
1312.5,210.7,0.0, 'dark_water',XX,8,XX8
1207.5,210.7,0.0, 'dark_water',XX,10,XX10
1102.5,210.7,0.0, 'dark_water',XX,12,XX12
997.5,210.7,0.0, 'dark_water',XX,14,XX14
892.5,210.7,0.0, 'dark_water',XX,16,XX16
787.5,210.7,11.0173165798187, 'water',XX,18,XX18
682.5,210.7,0.0, 'dark_water',XX,20,XX20
577.5,210.7,7.98332333564758, 'dark_water',XX,22,XX22
472.5,210.7,3.53600263595581, 'dark_water',XX,24,XX24
367.5,210.7,16.3369703292847, 'water',XX,26,XX26
262.5,210.7,0.0, 'dark_water',XX,28,XX28
157.5,210.7,0.0, 'dark_water',XX,30,XX30
52.5,210.7,0.0, 'dark_water',XX,32,XX32
1680.0,180.6,0.0, 'dark_water',YY,1,YY1
1575.0,180.6,0.0, 'dark_water',YY,3,YY3
1470.0,180.6,0.0, 'dark_water',YY,5,YY5
1365.0,180.6,0.0, 'dark_water',YY,7,YY7
1260.0,180.6,0.0, 'dark_water',YY,9,YY9
1155.0,180.6,0.0, 'dark_water',YY,11,YY11
1050.0,180.6,0.0, 'dark_water',YY,13,YY13
945.0,180.6,1.803377866745, 'dark_water',YY,15,YY15
840.0,180.6,14.345737695694, 'water',YY,17,YY17
735.0,180.6,0.0, 'dark_water',YY,19,YY19
630.0,180.6,0.0, 'dark_water',YY,21,YY21
525.0,180.6,0.470259189605713, 'dark_water',YY,23,YY23
420.0,180.6,11.213972568512, 'water',YY,25,YY25
315.0,180.6,0.0, 'dark_water',YY,27,YY27
210.0,180.6,0.0, 'dark_water',YY,29,YY29
105.0,180.6,0.0, 'dark_water',YY,31,YY31
0.0,180.6,0.0, 'dark_water',YY,33,YY33
1627.5,150.5,0.0, 'dark_water',ZZ,2,ZZ2
1522.5,150.5,0.0, 'dark_water',ZZ,4,ZZ4
1417.5,150.5,0.0, 'dark_water',ZZ,6,ZZ6
1312.5,150.5,0.0, 'dark_water',ZZ,8,ZZ8
1207.5,150.5,0.0, 'dark_water',ZZ,10,ZZ10
1102.5,150.5,0.0, 'dark_water',ZZ,12,ZZ12
997.5,150.5,0.0, 'dark_water',ZZ,14,ZZ14
892.5,150.5,0.186113119125366, 'dark_water',ZZ,16,ZZ16
787.5,150.5,8.71104240417481, 'dark_water',ZZ,18,ZZ18
682.5,150.5,0.0, 'dark_water',ZZ,20,ZZ20
577.5,150.5,0.0, 'dark_water',ZZ,22,ZZ22
472.5,150.5,1.52433156967163, 'dark_water',ZZ,24,ZZ24
367.5,150.5,0.0, 'dark_water',ZZ,26,ZZ26
262.5,150.5,0.0, 'dark_water',ZZ,28,ZZ28
157.5,150.5,0.0, 'dark_water',ZZ,30,ZZ30
52.5,150.5,0.0, 'dark_water',ZZ,32,ZZ32
1680.0,120.4,0.0, 'dark_water',AAA,1,AAA1
1575.0,120.4,0.0, 'dark_water',AAA,3,AAA3
1470.0,120.4,0.0, 'dark_water',AAA,5,AAA5
1365.0,120.4,0.0, 'dark_water',AAA,7,AAA7
1260.0,120.4,0.0, 'dark_water',AAA,9,AAA9
1155.0,120.4,0.0, 'dark_water',AAA,11,AAA11
1050.0,120.4,0.0, 'dark_water',AAA,13,AAA13
945.0,120.4,0.0, 'dark_water',AAA,15,AAA15
840.0,120.4,14.5214366912842, 'water',AAA,17,AAA17
735.0,120.4,0.0, 'dark_water',AAA,19,AAA19
630.0,120.4,0.0, 'dark_water',AAA,21,AAA21
525.0,120.4,0.0, 'dark_water',AAA,23,AAA23
420.0,120.4,0.0, 'dark_water',AAA,25,AAA25
315.0,120.4,0.0, 'dark_water',AAA,27,AAA27
210.0,120.4,0.0, 'dark_water',AAA,29,AAA29
105.0,120.4,0.0, 'dark_water',AAA,31,AAA31
0.0,120.4,0.0, 'dark_water',AAA,33,AAA33
1627.5,90.3,0.0, 'dark_water',BBB,2,BBB2
1522.5,90.3,0.0, 'dark_water',BBB,4,BBB4
1417.5,90.3,0.0, 'dark_water',BBB,6,BBB6
1312.5,90.3,0.0, 'dark_water',BBB,8,BBB8
1207.5,90.3,0.0, 'dark_water',BBB,10,BBB10
1102.5,90.3,0.0, 'dark_water',BBB,12,BBB12
997.5,90.3,0.0, 'dark_water',BBB,14,BBB14
892.5,90.3,3.08665752410889, 'dark_water',BBB,16,BBB16
787.5,90.3,10.3859496116638, 'water',BBB,18,BBB18
682.5,90.3,0.0, 'dark_water',BBB,20,BBB20
577.5,90.3,0.0, 'dark_water',BBB,22,BBB22
472.5,90.3,0.0, 'dark_water',BBB,24,BBB24
367.5,90.3,0.0, 'dark_water',BBB,26,BBB26
262.5,90.3,0.0, 'dark_water',BBB,28,BBB28
157.5,90.3,0.0, 'dark_water',BBB,30,BBB30
52.5,90.3,0.0, 'dark_water',BBB,32,BBB32
1680.0,60.2,0.0, 'dark_water',CCC,1,CCC1
1575.0,60.2,0.0, 'dark_water',CCC,3,CCC3
1470.0,60.2,0.0, 'dark_water',CCC,5,CCC5
1365.0,60.2,0.0, 'dark_water',CCC,7,CCC7
1260.0,60.2,0.0, 'dark_water',CCC,9,CCC9
1155.0,60.2,0.0, 'dark_water',CCC,11,CCC11
1050.0,60.2,0.0, 'dark_water',CCC,13,CCC13
945.0,60.2,0.0, 'dark_water',CCC,15,CCC15
840.0,60.2,0.0, 'dark_water',CCC,17,CCC17
735.0,60.2,0.0, 'dark_water',CCC,19,CCC19
630.0,60.2,0.0, 'dark_water',CCC,21,CCC21
525.0,60.2,0.0, 'dark_water',CCC,23,CCC23
420.0,60.2,0.0, 'dark_water',CCC,25,CCC25
315.0,60.2,0.0, 'dark_water',CCC,27,CCC27
210.0,60.2,0.0, 'dark_water',CCC,29,CCC29
105.0,60.2,0.0, 'dark_water',CCC,31,CCC31
0.0,60.2,0.0, 'dark_water',CCC,33,CCC33
1627.5,30.1,0.0, 'dark_water',DDD,2,DDD2
1522.5,30.1,0.0, 'dark_water',DDD,4,DDD4
1417.5,30.1,0.0, 'dark_water',DDD,6,DDD6
1312.5,30.1,0.0, 'dark_water',DDD,8,DDD8
1207.5,30.1,0.0, 'dark_water',DDD,10,DDD10
1102.5,30.1,0.0, 'dark_water',DDD,12,DDD12
997.5,30.1,0.0, 'dark_water',DDD,14,DDD14
892.5,30.1,0.0, 'dark_water',DDD,16,DDD16
787.5,30.1,0.0, 'dark_water',DDD,18,DDD18
682.5,30.1,0.0, 'dark_water',DDD,20,DDD20
577.5,30.1,0.0, 'dark_water',DDD,22,DDD22
472.5,30.1,0.0, 'dark_water',DDD,24,DDD24
367.5,30.1,0.0, 'dark_water',DDD,26,DDD26
262.5,30.1,0.0, 'dark_water',DDD,28,DDD28
157.5,30.1,0.0, 'dark_water',DDD,30,DDD30
52.5,30.1,0.0, 'dark_water',DDD,32,DDD32
